Company,Transition Plan
Company 1,SBTi 2030
Company 2,Net Zero 2040
Company 3,SBTi 2030
Company 4,None
Company 5,SBTi 2040
Company 6,Net Zero 2050
Company 7,SBTi 2040
Company 8,Net Zero 2040
Company 9,Net Zero 2040
Company 10,SBTi 2030
Company 11,None
Company 12,Net Zero 2050
Company 13,None
Company 14,Carbon Neutral
Company 15,Net Zero 2040
Company 16,None
Company 17,SBTi 2030
Company 18,SBTi 2030
Company 19,SBTi 2030
Company 20,SBTi 2040
Company 21,SBTi 2040
Company 22,SBTi 2040
Company 23,Carbon Neutral
Company 24,SBTi 2040
Company 25,SBTi 2040
Company 26,Net Zero 2040
Company 27,SBTi 2030
Company 28,Carbon Neutral
Company 29,SBTi 2030
Company 30,None
Company 31,Net Zero 2050
Company 32,SBTi 2030
Company 33,SBTi 2030
Company 34,Carbon Neutral
Company 35,Net Zero 2050
Company 36,Net Zero 2050
Company 37,Net Zero 2050
Company 38,SBTi 2030
Company 39,SBTi 2040
Company 40,SBTi 2030
